ID,Type,SKU,"GTIN, UPC, EAN, or ISBN",Name,Published,"Is featured?","Visibility in catalog","Short description",Description,"Date sale price starts","Date sale price ends","Tax status","Tax class","In stock?",Stock,"Low stock amount","Backorders allowed?","Sold individually?","Weight (lbs)","Length (in)","Width (in)","Height (in)","Allow customer reviews?","Purchase note","Sale price","Regular price",Categories,Tags,"Shipping class",Images,"Download limit","Download expiry days",Parent,"Grouped products",Upsells,Cross-sells,"External URL","Button text",Position,Brands,"Download 1 ID","Download 1 name","Download 1 URL","Download 2 ID","Download 2 name","Download 2 URL","Meta: _elementor_import_session_id","Meta: solace_extra_retailridge","Meta: solace_import_posts","Meta: solace_import_products","Meta: solace_meta_enable_content_width","Meta: solace_meta_content_width","Meta: _eael_post_view_count","Attribute 1 name","Attribute 1 value(s)","Attribute 1 visible","Attribute 1 global","Meta: site-sidebar-layout","Meta: ast-site-content-layout","Meta: site-content-style","Meta: site-sidebar-style","Meta: theme-transparent-header-meta","Meta: astra-migrate-meta-layouts","Meta: _yoast_wpseo_primary_product_cat","Meta: site-content-layout","Meta: _yoast_wpseo_content_score","Meta: _uag_css_file_name","Meta: _wxr_import_user_slug","Meta: _astra_sites_imported_post","Meta: _astra_sites_enable_for_batch","Meta: _wp_old_date","Meta: _siteseo_redirections_type","Meta: _siteseo_redirections_logged_status","Meta: _aioseo_og_title","Meta: _aioseo_og_description","Meta: _aioseo_og_article_section","Meta: _aioseo_twitter_title","Meta: _aioseo_twitter_description","Meta: _kad_post_transparent","Meta: _kad_post_layout","Meta: _kad_post_content_style","Meta: _kad_post_vertical_padding","Meta: _siteseo_score"
299,"simple, downloadable, virtual",,,"Comfort Sofa",1,0,visible,"This box is for you!  A dedicated chocolate brownie selection box to satisfy your cravings. In this box we take our ultra gooey chocolate brownies and add even more chocolate. This is truly brownie heaven and you must try these warm.","Lorem ipsum dolor sit amet, consectetur adipiscing elit. Vestibulum sagittis orci ac odio dictum tincidunt. Donec ut metus leo. Class aptent taciti sociosqu ad litora torquent per conubia nostra, per inceptos himenaeos. Sed luctus, dui eu sagittis sodales, nulla nibh sagittis augue, vel porttitor diam enim non metus. Vestibulum aliquam augue neque. Phasellus tincidunt odio eget ullamcorper efficitur. Cras placerat ut turpis pellentesque vulputate. Nam sed consequat tortor. Curabitur finibus sapien dolor. Ut eleifend tellus nec erat pulvinar dignissim. Nam non arcu purus. Vivamus et massa massa.",,,taxable,,1,,,0,0,,,,,1,,,467,Uncategorized,,,https://palkay.com/wp-content/uploads/2024/07/Item11.png,1,1,,,,,,,0,,57b6483f-64c2-471d-80f1-8bc85a3936fe,"Single 1",https://demo.woothemes.com/woocommerce/wp-content/uploads/sites/56/2017/08/single.jpg,cbd4759a-8d2c-4788-bca8-acf930ed1eec,"Single 2",https://demo.woothemes.com/woocommerce/wp-content/uploads/sites/56/2017/08/album.jpg,6915cb71d0651,1,1,1,off,100,397,,,,,,,,,,,,,,,,,,,,,,,,,,,,,,
300,"simple, downloadable, virtual",,,"SwiftFlex Suit",1,0,visible,"This box is for you!  A dedicated chocolate brownie selection box to satisfy your cravings. In this box we take our ultra gooey chocolate brownies and add even more chocolate. This is truly brownie heaven and you must try these warm.","Lorem ipsum dolor sit amet, consectetur adipiscing elit. Vestibulum sagittis orci ac odio dictum tincidunt. Donec ut metus leo. Class aptent taciti sociosqu ad litora torquent per conubia nostra, per inceptos himenaeos. Sed luctus, dui eu sagittis sodales, nulla nibh sagittis augue, vel porttitor diam enim non metus. Vestibulum aliquam augue neque. Phasellus tincidunt odio eget ullamcorper efficitur. Cras placerat ut turpis pellentesque vulputate. Nam sed consequat tortor. Curabitur finibus sapien dolor. Ut eleifend tellus nec erat pulvinar dignissim. Nam non arcu purus. Vivamus et massa massa.",,,taxable,,1,,,0,0,,,,,1,,99,128,Uncategorized,,,https://palkay.com/wp-content/uploads/2024/07/Item10.png,1,1,,,,,,,0,,6c999d16-4218-47bc-9b5d-ec83179c74d2,Single,https://demo.woothemes.com/woocommerce/wp-content/uploads/sites/56/2017/08/single.jpg,,,,6915cb71d0651,1,1,1,off,100,361,,,,,,,,,,,,,,,,,,,,,,,,,,,,,,
306,simple,,,"Premium Backpack",1,0,visible,"This box is for you!  A dedicated chocolate brownie selection box to satisfy your cravings. In this box we take our ultra gooey chocolate brownies and add even more chocolate. This is truly brownie heaven and you must try these warm.","Pellentesque habitant morbi tristique senectus et netus et malesuada fames ac turpis egestas. Vestibulum tortor quam, feugiat vitae, ultricies eget, tempor sit amet, ante. Donec eu libero sit amet quam egestas semper. Aenean ultricies mi vitae est. Mauris placerat eleifend leo.",,,taxable,,1,,,0,0,,,,,1,,130,145,Uncategorized,,,https://palkay.com/wp-content/uploads/2024/07/Item03.png,,,,,,,,,0,,,,,,,,6915cb71d0651,1,1,1,off,100,386,color,Gray,1,1,,,,,,,,,,,,,,,,,,,,,,,,,,
307,simple,,,"Shoe for Man",1,0,visible,"This box is for you!  A dedicated chocolate brownie selection box to satisfy your cravings. In this box we take our ultra gooey chocolate brownies and add even more chocolate. This is truly brownie heaven and you must try these warm.","Pellentesque habitant morbi tristique senectus et netus et malesuada fames ac turpis egestas. Vestibulum tortor quam, feugiat vitae, ultricies eget, tempor sit amet, ante. Donec eu libero sit amet quam egestas semper. Aenean ultricies mi vitae est. Mauris placerat eleifend leo.",,,taxable,,1,,,0,0,,,,,1,,,79,Uncategorized,,,https://palkay.com/wp-content/uploads/2024/07/Item02.png,,,,,,,,,0,,,,,,,,6915cb71d0651,1,1,1,off,100,391,color,Gray,1,1,,,,,,,,,,,,,,,,,,,,,,,,,,
723,simple,,,"2-Tier Countertop Fruit Vegetables Basket Bowl Storage With Banana Hanger",1,0,visible,,"Bowl Material - Iron\nColor - Black",,,taxable,,1,,,0,0,,,,,1,,18.99,22.99,"All Products, Home & Decor",,,https://palkay.com/wp-content/uploads/2025/11/61Q4jcrf1QL._AC_SY300_SX300_QL70_FMwebp_.webp,,,,,,,,,0,,,,,,,,,,,,,,1190,,,,,default,default,default,default,default,set,,,,,,,,,,,,,,,,,,,,
724,simple,,,"Wall Anchors Kit",1,0,visible,,"Color - Silver Gold\nMaterial - Alloy Steel\nItem dimensions L x W x H - 7.8 x 4 x 0.68 inches",,,taxable,,1,,,0,0,,,,,1,,,7.99,"All Products, Tools",,,https://palkay.com/wp-content/uploads/2025/11/71deeeWLfGL._SX466_.jpg,,,,,,,,,0,,,,,,,,,,,,,,1108,,,,,default,default,default,default,default,set,,,,,,,,,,,,,,,,,,,,
725,simple,,,"Bolt Biter Screw Extraction Set",1,0,visible,,"Color	Chrome\nMaterial	Alloy Steel\nItem Length	0.5 Inches\nItem Weight	0.19 Kilograms",,,taxable,,1,,,0,0,,,,,1,,,24.18,"All Products, Tools",,,https://palkay.com/wp-content/uploads/2025/11/41-UMe7r7CL._AC_SX569_.jpg,,,,,,,,,0,,,,,,,,,,,,,,1142,,,,,default,default,default,default,default,set,,,,,,,,,,,,,,,,,,,,
726,simple,,,"Cordless Screwdriver USB Rechargeable",1,0,visible,,"Number of Items - 1\nHead Style - Phillips\nMaterial - Chrome Vanadium Steel, Plastic\nColor - Black",,,taxable,,1,,,0,0,,,,,1,,76,89.99,"All Products, Tools",,,https://palkay.com/wp-content/uploads/2025/11/61qoLUXIm5L._AC_SX569_.jpg,,,,,,,,,0,,,,,,,,,,,,,,1339,,,,,default,default,default,default,default,set,,,,,,,,,,,,,,,,,,,,
727,simple,,,"Wrench Set - 16 pieces",1,0,visible,,"Color - Silver\nMaterial - Alloy Steel\nHead Style - Box End",,,taxable,,1,,,0,0,,,,,1,,,240,"All Products, Tools",,,https://palkay.com/wp-content/uploads/2025/11/81M5jDSOZGL._AC_SX300_SY300_QL70_FMwebp_.webp,,,,,,,,,0,,,,,,,,,,,,,,1100,,,,,default,default,default,default,default,set,,,,,,,,,,,,,,,,,,,,
728,simple,,,"Pack 3 Months Happy Hair - Vitamins",1,0,visible,,"Unit Count	180.0 Count\nItem Weight	225 Grams",,,taxable,,1,,,0,0,,,,,1,,,137.46,"All Products, Supplements",,,https://palkay.com/wp-content/uploads/2025/11/71IY9JsvHGL._AC_SX569_.jpg,,,,,,,,,0,,,,,,,,,,,,,,1161,,,,,default,default,default,default,default,set,,,,,,,,,,,,,,,,,,,,
729,simple,,,Gummies,1,0,visible,,"Unit Count	60.0 Count\nItem Form	Gummy\nItem Weight	0.42 Pounds",,,taxable,,1,,,0,0,,,,,1,,,39.99,"All Products, Supplements",,,https://palkay.com/wp-content/uploads/2025/11/91u-cDtREL._AC_SX569_.jpg,,,,,,,,,0,,,,,,,,,,,,,,1207,,,,,default,default,default,default,default,set,,,,,,,,,,,,,,,,,,,,
730,simple,,,"Elon Matrix 5000",1,0,visible,,"Item Form - Tablet\nSupplement Type - Vitamin B7",,,taxable,,1,,,0,0,,,,,1,,,89.95,"All Products, Supplements",,,https://palkay.com/wp-content/uploads/2025/11/71LLhKbF8NL._AC_SL1500_.jpg,,,,,,,,,0,,,,,,,,,,,,,,1196,,,,,default,default,default,default,default,set,,,,,,,,,,,,,,,,,,,,
731,simple,,,"Liquid Supplement Designed to Help Support Absorption",1,0,visible,,"Flavor	Lemon\nUnit Count	4.00 Fluid Ounces\nItem Form	Liquid",,,taxable,,1,,,0,0,,,,,1,,,55.95,"All Products, Supplements",,,https://palkay.com/wp-content/uploads/2025/11/51sAB2k6CqL._AC_SL1500_.jpg,,,,,,,,,0,,,,,,,,,,,,,,1290,,,,,default,default,default,default,default,set,,,,,,,,,,,,,,,,,,,,
732,simple,,,"Bronson Vitamin K2 (MK7) with D3 Supplement",1,0,visible,,"Item Form - Capsule\nPrimary Supplement Type - Vitamin D3, Vitamin K2\nDiet Type - Gluten Free\nFlavor - Unflavored",,,taxable,,1,,,0,0,,,,,1,,29,35.99,"All Products, Supplements",,,https://palkay.com/wp-content/uploads/2025/11/711pNUvrCL._AC_SX569_.jpg,,,,,,,,,0,,,,,,,,,,,,,,1190,,,,,default,default,default,default,default,set,,,,,,,,,,,,,,,,,,,,
733,simple,,,"Dog Elbow Brace Protector Pads",1,0,visible,,"Size - XS\nUnit Count - 1.0 Count\nSport - Walking\nProduct Care Instructions - Machine Wash",,,taxable,,1,,,0,0,,,,,1,,,79.95,"All Products, Pet Care",,,https://palkay.com/wp-content/uploads/2025/11/71K5uS7YGSL._AC_SX679_.jpg,,,,,,,,,0,,,,,,,,,,,,,,1145,,,,,default,default,default,default,default,set,,,,,,,,,,,,,,,,,,,,
734,simple,,,"6PCS Pet Grooming Kit for Pets",1,0,visible,,,,,taxable,,1,,,0,0,,,,,1,,,9.98,"All Products, Pet Care",,,https://palkay.com/wp-content/uploads/2025/11/81am2ltPaL._AC_SY300_SX300_QL70_FMwebp_.webp,,,,,,,,,0,,,,,,,,,,,,,,1326,,,,,default,default,default,default,default,set,,,,,,,,,,,,,,,,,,,,
735,simple,,,"4-in-1 Calming Dog Shampoo",1,0,visible,,"Scent - lavender chamomile\nProduct Benefits - Smoothing",,,taxable,,1,,,0,0,,,,,1,,,8.97,"All Products, Pet Care",,,https://palkay.com/wp-content/uploads/2025/11/71R6qzbwB0L._AC_SY300_SX300_QL70_FMwebp_.webp,,,,,,,,,0,,,,,,,,,,,,,,1179,,,,,default,default,default,default,default,set,,,,,,,,,,,,,,,,,,,,
736,simple,,,"Pet Steam Brush",1,0,visible,,"Color - Blue\nShape - Oval\nBristle Material - Stainless Steel\nHandle Material - Plastic",,,taxable,,1,,,0,0,,,,,1,,19.99,29.99,"All Products, Pet Care",,,https://palkay.com/wp-content/uploads/2025/11/41F07dt1ccL._SY300_SX300_QL70_FMwebp_.webp,,,,,,,,,0,,,,,,,,,,,,,,1378,,,,,default,default,default,default,default,set,,,,,,,,,,,,,,,,,,,,
737,simple,,,"Dog Perfume Spray",1,0,visible,,"Item Form	Liquid\nItem Volume	118 Milliliters\nScent	Show Dog",,,taxable,,1,,,0,0,,,,,1,,,12.94,"All Products, Pet Care",,,https://palkay.com/wp-content/uploads/2025/11/81mgRCZ5j6L._AC_SY300_SX300_QL70_FMwebp_.webp,,,,,,,,,0,,,,,,,,,,,,,,1154,,,,,default,default,default,default,default,set,,,,,,,,,,,,,,,,,,,,
738,simple,,,"24K Gold Under Eye Patch",1,0,visible,,"Item Form -Sheet\nProduct Benefits -Brightening, Dark Circles, Fine Lines Treatment, Hydrating, Moisturizing, Puffiness\nScent - Unscented\nMaterial Type Free - DMDM Hydantoin Free",,,taxable,,1,,,0,0,,,,,1,,7.50,8.22,"All Products, Beauty & Cosmetic",,,https://palkay.com/wp-content/uploads/2025/11/41wPxtljyQL._SY300_SX300_QL70_FMwebp_.webp,,,,,,,,,0,,,,,,,,,,,,,,1119,,,,,default,default,default,default,default,set,,,,,,,,,,,,,,,,,,,,
739,simple,,,"Pore Control Cleansing Oil",1,0,visible,,"[MILD INGREDIENTS ONLY] Formulated with Heartleaf extract for soothing effects on the skin",,,taxable,,1,,,0,0,,,,,1,,17.69,19.90,"All Products, Beauty & Cosmetic",,,https://palkay.com/wp-content/uploads/2025/11/61nHrsCJT1L._SX425_.jpg,,,,,,,,,0,,,,,,,,,,,,,,1255,,,,,default,default,default,default,default,set,,,,,,,,,,,,,,,,,,,,
740,simple,,,"Home Bath Pampering Package",1,0,visible,,"'\nItem Form - Liquid\nScent - Almond, Honey\nBrand - LOVERY\nProduct Benefits - Nourishing, Moisturizing\nSkin Type - Sensitive",,,taxable,,1,,,0,0,,,,,1,,49.99,65,"All Products, Beauty & Cosmetic",,,https://palkay.com/wp-content/uploads/2025/11/818BkB1NaqL._SY450_.jpg,,,,,,,,,0,,,,,,,,,,,,,,1156,,,,,default,default,default,default,default,set,,,,,,,,,,,,,,,,,,,,
741,simple,,,"eos 24H Moisture Travel Body Lotion",1,0,visible,,"Item Volume	74 Milliliters",,,taxable,,1,,,0,0,,,,,1,,,3.99,"All Products, Beauty & Cosmetic",,,https://palkay.com/wp-content/uploads/2025/11/61uk9fNkeFL._SX425_.jpg,,,,,,,,,0,,,,,,,,,,,,,,1161,,,,,default,default,default,default,default,set,,,,,,,,,,,,,,,,,,,,
764,simple,,,"Old Lady Cactus",1,0,visible,"Neque porro quisquam est, qui dolore ipsum quia dolor sit amet, consectetur adipisci velit, sed quia non numquam eius modi tempora incidunt lores ta porro ame. Neque porro quisquam est, qui dolore ipsum quia dolor sit amet.","Neque porro quisquam est, qui dolore ipsum quia dolor sit amet, consectetur adipisci velit, sed quia non numquam eius modi tempora incidunt lores ta porro ame. Neque porro quisquam est, qui dolore ipsum quia dolor sit amet.",,,taxable,,1,,,0,0,,,,,1,,12,15,"All Products, Home & Decor",,,https://palkay.com/wp-content/uploads/2025/11/cactus4-free-img.jpg,,,,,,,,,0,,,,,,,,,,,,,,1335,,,,,default,,,,default,,22,default,30,uag-css-45.css,harshadd,1,1,,,,,,,,,,,,,
765,simple,,,"Mini San Pedro Cactus",1,0,visible,"Neque porro quisquam est, qui dolore ipsum quia dolor sit amet, consectetur adipisci velit, sed quia non numquam eius modi tempora incidunt lores ta porro ame. Neque porro quisquam est, qui dolore ipsum quia dolor sit amet.","Neque porro quisquam est, qui dolore ipsum quia dolor sit amet, consectetur adipisci velit, sed quia non numquam eius modi tempora incidunt lores ta porro ame. Neque porro quisquam est, qui dolore ipsum quia dolor sit amet.",,,taxable,,1,,,0,0,,,,,1,,,32,"All Products, Home & Decor",,,https://palkay.com/wp-content/uploads/2025/11/cactus1-free-img.jpg,,,,,,,,,0,,,,,,,,,,,,,,1444,,,,,default,,,,default,,22,default,30,uag-css-51.css,harshadd,1,1,,,,,,,,,,,,,
766,simple,,,"Quilted Sweatshirts for Men",1,0,visible,,"Fabric type - 100% Polyester\nCare instructions - Machine Wash\nOrigin - Imported\nClosure type - Button",,,taxable,,1,,,0,0,,,,,1,,,24.99,"All Products, Fashion",,,https://palkay.com/wp-content/uploads/2025/11/61atNuFVeqL._AC_SX385_.jpg,,,,,,,,,0,,,,,,,,,,,,,,1569,,,,,default,default,default,default,default,set,,,,,,,,,,,,,,,,,,,,
767,simple,,,"Down Dress Casual Shirt",1,0,visible,,"Fabric type - 65% Rayon, 30% Linen, 5% Spandex\nCare instructions - Machine Wash\nOrigin - Imported\nClosure type - Button",,,taxable,,1,,,0,0,,,,,1,,25.99,27.99,"All Products, Fashion",,,https://palkay.com/wp-content/uploads/2025/11/81sy8bvvEL._AC_SX385_.jpg,,,,,,,,,0,,,,,,,,,,,,,,1445,,,,,default,default,default,default,default,set,,,,,,,,,,,,,,,,,,,,
768,simple,,,"Short Sleeve UPF 50+ T-Shirt",1,0,visible,,"Fabric type - 95% Polyester;5% Spandex\nCare instructions - Machine Wash\nOrigin - Imported\nClosure type - Button\n",,,taxable,,1,,,0,0,,,,,1,,18.98,24.98,"All Products, Fashion",,,https://palkay.com/wp-content/uploads/2025/11/81tWcU4UmZL._AC_SY500_.jpg,,,,,,,,,0,,,,,,,,,,,,,,1450,,,,,default,default,default,default,default,set,,,,,,,,,,,,,,,,,,,,
769,simple,,,"Men's Black Polo Shirt",1,0,visible,,"Fabric type - 100% Polyester\nCare instructions - Machine Wash\nOrigin - Imported\nClosure type - Button",,,taxable,,1,,,0,0,,,,,1,,14.23,35.99,"All Products, Fashion",,,https://palkay.com/wp-content/uploads/2025/11/71gSvqwiwIL._AC_SX522_.jpg,,,,,,,,,0,,,,,,,,,,,,,,1598,,,,,default,default,default,default,default,set,,,,,,,,,,,,,,,,,,,,
770,simple,,,"Men’s Cotton Jersey Pants",1,0,visible,,"Fabric type - 100% cotton jersey, Light Steel: 90% cotton, 10% polyester; Charcoal Heather: 60% cotton, 40% polyester\nCare instructions - Machine Wash\nOrigin - Imported\nClosure type - Drawstring",,,taxable,,1,,,0,0,,,,,1,,9.48,21,"All Products, Fashion",,,https://palkay.com/wp-content/uploads/2025/11/611Eh3lFg1L._AC_SX522_.jpg,,,,,,,,,0,,,,,,,,,,,,,,1455,,,,,default,default,default,default,default,set,,,,,,,,,,,,,,,,,,,,
772,simple,,,"Homedics Tabletop Water Fountain",1,0,visible,,"Color - Black\nMaterial - Plastic",,,taxable,,1,,,0,0,,,,,1,,,39.99,"All Products, Home & Decor",,,https://palkay.com/wp-content/uploads/2025/11/61vEjplUwlL._AC_SL1500_.jpg,,,,,,,,,0,,,,,,,,,,,,,,1444,,,,,default,default,default,default,default,set,,,,,,,,,,,,,,,,,,,,
773,simple,,,"Snuggle Hollow Ceramic Vase Set of 2",1,0,visible,,"Material - Ceramic\nColor - Large Cream White\nProduct Dimensions - 12.7""L x 10""W x 4.3""H\nShape - Oval",,,taxable,,1,,,0,0,,,,,1,,25.49,29.99,"All Products, Home & Decor",,,https://palkay.com/wp-content/uploads/2025/11/811ZeNw9PL._AC_SY300_SX300_QL70_FMwebp_.webp,,,,,,,,,0,,,,,,,,,,,,,,1352,,,,,default,default,default,default,default,set,,,,,,,,,,,,,,,,,,,,
774,simple,,,"Rustproof & Waterproof Shower Caddy 6-Pack",1,0,visible,,"Specific Uses For Product - Showers\nMaterial - Metal\nSpecial Feature - Lightweight, No Drilling, Quick Dry, Rust Resistant, Waterproof\nColor - Black",,,taxable,,1,,,0,0,,,,,1,,19.99,29.99,"All Products, Home & Decor",,,https://palkay.com/wp-content/uploads/2025/11/81OsSg5jKpL._AC_SY300_SX300_QL70_FMwebp_.webp,,,,,,,,,0,,,,,,,,,,,,,,1538,,,,,default,default,default,default,default,set,,,,,,,,2025-10-20,,,,,,,,,,,,
832,simple,,,"Med-Q 1 or 2 Daily Reminders",1,0,visible,,,,,taxable,,1,,,0,0,,,,,1,,79.95,109.95,Supplements,,,,,,,,,,,,0,,,,,,,,,,,,,,868,,,,,,,,,,,,,,,,,,,301,both,,,,,,default,default,default,default,
845,simple,,,"The Original Greek Pepper Mill - 10"" Brass",1,0,visible,,"<strong>Specifications: </strong>\nHeight: 10 Inches\nWidth at Shaft: 2 Inches\nWidth at Base: 2.5 Inches\nWidth at Handle: 4.75 Inches",,,taxable,,1,,,0,0,,,,,1,,,145,"All Products, Home & Decor",,,https://palkay.com/wp-content/uploads/2026/06/VC022024_14RC.webp,,,,,,,,,0,,,,,,,,,,,,,,91,,,,,,,,,,,,,,,,,,,301,both,,,,,,default,default,default,default,55
849,simple,,,"The Original Greek Salt Mill - 8"" Brass",1,0,visible,,"<strong>Specifications: </strong>\nHeight: 8 Inches\nWidth at Shaft: 1.75 Inches\nWidth at Base: 2.25 Inches\nWidth at Handle: 3.75 Inches",,,taxable,,1,,,0,0,,,,,1,,,115,"All Products, Home & Decor",,,https://palkay.com/wp-content/uploads/2026/06/VC022024_17RC-1.webp,,,,,,,,,0,,,,,,,,,,,,,,93,,,,,,,,,,,,,,,,,,,301,both,,,,,,default,default,default,default,55
853,simple,,,"Alexander Home Original Greek Pepper Mill, 9-Inch Brass - European Manual Pepper Grinder, Refillable, with Polishing Cloth",1,0,visible,,"<table class=""a-normal a-spacing-micro"" role=""list"">\n<tbody>\n<tr class=""a-spacing-small po-material"" role=""listitem"">\n<td class=""a-span3"" role=""presentation""><span class=""a-size-base a-text-bold"">Material</span></td>\n<td class=""a-span9"" role=""presentation""><span class=""a-size-base po-break-word"">Brass, Copper</span></td>\n</tr>\n<tr class=""a-spacing-small po-color"" role=""listitem"">\n<td class=""a-span3"" role=""presentation""><span class=""a-size-base a-text-bold"">Color</span></td>\n<td class=""a-span9"" role=""presentation""><span class=""a-size-base po-break-word"">Brass</span></td>\n</tr>\n<tr class=""a-spacing-small po-item_width_height"" role=""listitem"">\n<td class=""a-span3"" role=""presentation""><span class=""a-size-base a-text-bold"">Product Dimensions</span></td>\n<td class=""a-span9"" role=""presentation""><span class=""a-size-base po-break-word"">4.25""W x 9""H</span></td>\n</tr>\n<tr class=""a-spacing-small po-brand"" role=""listitem"">\n<td class=""a-span3"" role=""presentation""><span class=""a-size-base a-text-bold"">Brand</span></td>\n<td class=""a-span9"" role=""presentation""><span class=""a-size-base po-break-word"">Alexander Home</span></td>\n</tr>\n<tr class=""a-spacing-small po-item_weight"" role=""listitem"">\n<td class=""a-span3"" role=""presentation""><span class=""a-size-base a-text-bold"">Item Weight</span></td>\n<td class=""a-span9"" role=""presentation""><span class=""a-size-base po-break-word"">1.1 Pounds</span></td>\n</tr>\n<tr class=""a-spacing-small po-operation_mode"" role=""listitem"">\n<td class=""a-span3"" role=""presentation""><span class=""a-size-base a-text-bold"">Operation Mode</span></td>\n<td class=""a-span9"" role=""presentation""><span class=""a-size-base po-break-word"">Manual</span></td>\n</tr>\n</tbody>\n</table>",,,taxable,,1,,,0,0,,,,,1,,,85,"All Products, Home & Decor",,,https://palkay.com/wp-content/uploads/2026/06/617qaLGOWWL._AC_SL1500_.jpg,,,,,,,,,0,,,,,,,,,,,,,,102,,,,,,,,,,,,,,,,,,,301,both,,,,,,default,default,default,default,49
857,simple,,,"Alexander Home Original Greek Pepper Mill, 8-Inch Brass – European Manual Pepper Grinder Refillable",1,0,visible,,"<div class=""a-expander-content a-expander-partial-collapse-content"" data-expanded=""false"">\n<div class=""a-section a-spacing-small a-spacing-top-small"">\n<table class=""a-normal a-spacing-micro"" role=""list"">\n<tbody>\n<tr class=""a-spacing-small po-material"" role=""listitem"">\n<td class=""a-span3"" role=""presentation""><span class=""a-size-base a-text-bold"">Material</span></td>\n<td class=""a-span9"" role=""presentation""><span class=""a-size-base po-break-word"">Brass</span></td>\n</tr>\n<tr class=""a-spacing-small po-color"" role=""listitem"">\n<td class=""a-span3"" role=""presentation""><span class=""a-size-base a-text-bold"">Color</span></td>\n<td class=""a-span9"" role=""presentation""><span class=""a-size-base po-break-word"">Brass</span></td>\n</tr>\n<tr class=""a-spacing-small po-item_width_height"" role=""listitem"">\n<td class=""a-span3"" role=""presentation""><span class=""a-size-base a-text-bold"">Product Dimensions</span></td>\n<td class=""a-span9"" role=""presentation""><span class=""a-size-base po-break-word"">2.25""W x 8""H</span></td>\n</tr>\n<tr class=""a-spacing-small po-brand"" role=""listitem"">\n<td class=""a-span3"" role=""presentation""><span class=""a-size-base a-text-bold"">Brand</span></td>\n<td class=""a-span9"" role=""presentation""><span class=""a-size-base po-break-word"">Alexander Home</span></td>\n</tr>\n<tr class=""a-spacing-small po-operation_mode"" role=""listitem"">\n<td class=""a-span3"" role=""presentation""><span class=""a-size-base a-text-bold"">Operation Mode</span></td>\n<td class=""a-span9"" role=""presentation""><span class=""a-size-base po-break-word"">Manual</span></td>\n</tr>\n<tr class=""a-spacing-small po-recommended_uses_for_product"" role=""listitem"">\n<td class=""a-span3"" role=""presentation""><span class=""a-size-base a-text-bold"">Recommended Uses For Product</span></td>\n<td class=""a-span9"" role=""presentation""><span class=""a-size-base po-break-word"">Kitchen</span></td>\n</tr>\n<tr class=""a-spacing-small po-is_dishwasher_safe"" role=""listitem"">\n<td class=""a-span3"" role=""presentation""><span class=""a-size-base a-text-bold"">Is Dishwasher Safe</span></td>\n<td class=""a-span9"" role=""presentation""><span class=""a-size-base po-break-word"">No</span></td>\n</tr>\n<tr class=""a-spacing-small po-number_of_items"" role=""listitem"">\n<td class=""a-span3"" role=""presentation""><span class=""a-size-base a-text-bold"">Number of Items</span></td>\n<td class=""a-span9"" role=""presentation""><span class=""a-size-base po-break-word"">1</span></td>\n</tr>\n<tr class=""a-spacing-small po-unit_count"" role=""listitem"">\n<td class=""a-span3"" role=""presentation""><span class=""a-size-base a-text-bold"">Unit Count</span></td>\n<td class=""a-span9"" role=""presentation""><span class=""a-size-base po-break-word"">1 Count</span></td>\n</tr>\n<tr class=""a-spacing-small po-manufacture_year"" role=""listitem"">\n<td class=""a-span3"" role=""presentation""><span class=""a-size-base a-text-bold"">Manufacture Year</span></td>\n<td class=""a-span9"" role=""presentation""><span class=""a-size-base po-break-word"">2024</span></td>\n</tr>\n</tbody>\n</table>\n</div>\n</div>\n<div id=""poToggleButton"" class=""a-expander-header a-expander-partial-collapse-header""></div>",,,taxable,,1,,,0,0,,,,,1,,,87,"All Products, Home & Decor",,,https://palkay.com/wp-content/uploads/2026/06/51QOQnpRqcL._AC_SL1500_.jpg,,,,,,,,,0,,,,,,,,,,,,,,128,,,,,,,,,,,,,,,,,,,301,both,,,,,,default,default,default,default,49
861,simple,,,"Alexander Home Original Greek Pepper Mill, 10-Inch Brass European Manual Pepper Grinder Refillable",1,0,visible,,"<table id=""product-attribute-specs-table"" class=""featureTable"">\n<tbody>\n<tr>\n<td>Brand Name</td>\n<td>Alexander Home</td>\n</tr>\n<tr>\n<td>Manufacture Year</td>\n<td>2024</td>\n</tr>\n<tr>\n<td>Set Name</td>\n<td>Alexander Home The Original European Mill (Brass, 10-Inch Pepper) - Single Mill</td>\n</tr>\n<tr>\n<td>Manufacturer Part Number</td>\n<td>50105</td>\n</tr>\n<tr>\n<td>Model Number</td>\n<td>50105</td>\n</tr>\n<tr>\n<td>Manufacturer</td>\n<td>Generic</td>\n</tr>\n<tr>\n<td>Unit Count</td>\n<td>1.0 Count</td>\n</tr>\n<tr>\n<td>Included Components</td>\n<td>The Handle is located in the body of the Mill. Just remove the cap.</td>\n</tr>\n<tr>\n<td>Item Type Name</td>\n<td>PEPPERMILLL</td>\n</tr>\n<tr>\n<td>Item Dimensions W x H</td>\n<td>2.75""W (7 cm)</td>\n</tr>\n<tr>\n<td>Material Type</td>\n<td>Brass</td>\n</tr>\n<tr>\n<td>Is the item dishwasher safe?</td>\n<td>No</td>\n</tr>\n<tr>\n<td>Recommended Uses For Product</td>\n<td>Kitchen</td>\n</tr>\n<tr>\n<td>Color</td>\n<td>Brass</td>\n</tr>\n<tr>\n<td>Operation Mode</td>\n<td>Manual</td>\n</tr>\n<tr>\n<td>Material</td>\n<td>Brass</td>\n</tr>\n<tr>\n<td>Product Dimensions (L x W x H)</td>\n<td>2.75""W (7 cm)</td>\n</tr>\n<tr>\n<td>Brand</td>\n<td>Alexander Home</td>\n</tr>\n<tr>\n<td>Is Dishwasher Safe</td>\n<td>No</td>\n</tr>\n<tr>\n<td>Number of Items</td>\n<td>1</td>\n</tr>\n</tbody>\n</table>",,,taxable,,1,,,0,0,,,,,1,,,122,"All Products, Home & Decor",,,https://palkay.com/wp-content/uploads/2026/06/51uLMhz9gIL._AC_SX569_.jpg,,,,,,,,,0,,,,,,,,,,,,,,110,,,,,,,,,,,,,,,,,,,301,both,,,,,,default,default,default,default,49
866,simple,,,"Alexander Home Original Greek Pepper Mill, 9-Inch Copper – European Manual Pepper Grinder Refillable, with Polishing Cloth",1,0,visible,,"<div class=""a-expander-content a-expander-partial-collapse-content"" data-expanded=""false"">\n<div class=""a-section a-spacing-small a-spacing-top-small"">\n<table class=""a-normal a-spacing-micro"" role=""list"">\n<tbody>\n<tr class=""a-spacing-small po-material"" role=""listitem"">\n<td class=""a-span3"" role=""presentation""><span class=""a-size-base a-text-bold"">Material</span></td>\n<td class=""a-span9"" role=""presentation""><span class=""a-size-base po-break-word"">Brass, Copper</span></td>\n</tr>\n<tr class=""a-spacing-small po-color"" role=""listitem"">\n<td class=""a-span3"" role=""presentation""><span class=""a-size-base a-text-bold"">Color</span></td>\n<td class=""a-span9"" role=""presentation""><span class=""a-size-base po-break-word"">Copper</span></td>\n</tr>\n<tr class=""a-spacing-small po-item_width_height"" role=""listitem"">\n<td class=""a-span3"" role=""presentation""><span class=""a-size-base a-text-bold"">Product Dimensions</span></td>\n<td class=""a-span9"" role=""presentation""><span class=""a-size-base po-break-word"">4.25""W x 9""H</span></td>\n</tr>\n<tr class=""a-spacing-small po-brand"" role=""listitem"">\n<td class=""a-span3"" role=""presentation""><span class=""a-size-base a-text-bold"">Brand</span></td>\n<td class=""a-span9"" role=""presentation""><span class=""a-size-base po-break-word"">Alexander Home</span></td>\n</tr>\n<tr class=""a-spacing-small po-item_weight"" role=""listitem"">\n<td class=""a-span3"" role=""presentation""><span class=""a-size-base a-text-bold"">Item Weight</span></td>\n<td class=""a-span9"" role=""presentation""><span class=""a-size-base po-break-word"">1.25 Pounds</span></td>\n</tr>\n<tr class=""a-spacing-small po-operation_mode"" role=""listitem"">\n<td class=""a-span3"" role=""presentation""><span class=""a-size-base a-text-bold"">Operation Mode</span></td>\n<td class=""a-span9"" role=""presentation""><span class=""a-size-base po-break-word"">Manual</span></td>\n</tr>\n<tr class=""a-spacing-small po-recommended_uses_for_product"" role=""listitem"">\n<td class=""a-span3"" role=""presentation""><span class=""a-size-base a-text-bold"">Recommended Uses For Product</span></td>\n<td class=""a-span9"" role=""presentation""><span class=""a-size-base po-break-word"">Home, Kitchen</span></td>\n</tr>\n<tr class=""a-spacing-small po-is_dishwasher_safe"" role=""listitem"">\n<td class=""a-span3"" role=""presentation""><span class=""a-size-base a-text-bold"">Is Dishwasher Safe</span></td>\n<td class=""a-span9"" role=""presentation""><span class=""a-size-base po-break-word"">Yes</span></td>\n</tr>\n<tr class=""a-spacing-small po-number_of_items"" role=""listitem"">\n<td class=""a-span3"" role=""presentation""><span class=""a-size-base a-text-bold"">Number of Items</span></td>\n<td class=""a-span9"" role=""presentation""><span class=""a-size-base po-break-word"">1</span></td>\n</tr>\n<tr class=""a-spacing-small po-upc"" role=""listitem"">\n<td class=""a-span3"" role=""presentation""><span class=""a-size-base a-text-bold"">UPC</span></td>\n<td class=""a-span9"" role=""presentation""><span class=""a-size-base po-break-word"">197644249343</span></td>\n</tr>\n</tbody>\n</table>\n</div>\n</div>\n<div id=""poToggleButton"" class=""a-expander-header a-expander-partial-collapse-header""></div>",,,taxable,,1,,,0,0,,,,,1,,,84,"All Products, Home & Decor",,,https://palkay.com/wp-content/uploads/2026/06/615ZHQhkaDL._AC_SL1500_.jpg,,,,,,,,,0,,,,,,,,,,,,,,154,,,,,,,,,,,,,,,,,,,301,both,,,,,,default,default,default,default,49
870,simple,,,"Alexander Home Original Greek Pepper Mill, 10-Inch Brass – European Manual Pepper Grinder Refillable",1,0,visible,,"<div class=""a-expander-content a-expander-partial-collapse-content"" data-expanded=""false"">\n<div class=""a-section a-spacing-small a-spacing-top-small"">\n<table class=""a-normal a-spacing-micro"" role=""list"">\n<tbody>\n<tr class=""a-spacing-small po-material"" role=""listitem"">\n<td class=""a-span3"" role=""presentation""><span class=""a-size-base a-text-bold"">Material</span></td>\n<td class=""a-span9"" role=""presentation""><span class=""a-size-base po-break-word"">Brass</span></td>\n</tr>\n<tr class=""a-spacing-small po-color"" role=""listitem"">\n<td class=""a-span3"" role=""presentation""><span class=""a-size-base a-text-bold"">Color</span></td>\n<td class=""a-span9"" role=""presentation""><span class=""a-size-base po-break-word"">Brass</span></td>\n</tr>\n<tr class=""a-spacing-small po-item_width_height"" role=""listitem"">\n<td class=""a-span3"" role=""presentation""><span class=""a-size-base a-text-bold"">Product Dimensions</span></td>\n<td class=""a-span9"" role=""presentation""><span class=""a-size-base po-break-word"">2.75""W</span></td>\n</tr>\n<tr class=""a-spacing-small po-brand"" role=""listitem"">\n<td class=""a-span3"" role=""presentation""><span class=""a-size-base a-text-bold"">Brand</span></td>\n<td class=""a-span9"" role=""presentation""><span class=""a-size-base po-break-word"">Alexander Home</span></td>\n</tr>\n<tr class=""a-spacing-small po-operation_mode"" role=""listitem"">\n<td class=""a-span3"" role=""presentation""><span class=""a-size-base a-text-bold"">Operation Mode</span></td>\n<td class=""a-span9"" role=""presentation""><span class=""a-size-base po-break-word"">Manual</span></td>\n</tr>\n<tr class=""a-spacing-small po-recommended_uses_for_product"" role=""listitem"">\n<td class=""a-span3"" role=""presentation""><span class=""a-size-base a-text-bold"">Recommended Uses For Product</span></td>\n<td class=""a-span9"" role=""presentation""><span class=""a-size-base po-break-word"">Kitchen</span></td>\n</tr>\n<tr class=""a-spacing-small po-is_dishwasher_safe"" role=""listitem"">\n<td class=""a-span3"" role=""presentation""><span class=""a-size-base a-text-bold"">Is Dishwasher Safe</span></td>\n<td class=""a-span9"" role=""presentation""><span class=""a-size-base po-break-word"">No</span></td>\n</tr>\n<tr class=""a-spacing-small po-number_of_items"" role=""listitem"">\n<td class=""a-span3"" role=""presentation""><span class=""a-size-base a-text-bold"">Number of Items</span></td>\n<td class=""a-span9"" role=""presentation""><span class=""a-size-base po-break-word"">1</span></td>\n</tr>\n<tr class=""a-spacing-small po-unit_count"" role=""listitem"">\n<td class=""a-span3"" role=""presentation""><span class=""a-size-base a-text-bold"">Unit Count</span></td>\n<td class=""a-span9"" role=""presentation""><span class=""a-size-base po-break-word"">1.0 Count</span></td>\n</tr>\n<tr class=""a-spacing-small po-manufacture_year"" role=""listitem"">\n<td class=""a-span3"" role=""presentation""><span class=""a-size-base a-text-bold"">Manufacture Year</span></td>\n<td class=""a-span9"" role=""presentation""><span class=""a-size-base po-break-word"">2024</span></td>\n</tr>\n</tbody>\n</table>\n</div>\n</div>\n<div id=""poToggleButton"" class=""a-expander-header a-expander-partial-collapse-header""></div>",,,taxable,,1,,,0,0,,,,,1,,,,"All Products, Home & Decor",,,https://palkay.com/wp-content/uploads/2026/06/615ZHQhkaDL._AC_SL1500_.jpg,,,,,,,,,0,,,,,,,,,,,,,,101,,,,,,,,,,,,,,,,,,,301,both,,,,,,default,default,default,default,49
873,simple,,,"Alexander Home Original Greek Salt Mill, 8-Inch Brass– European Manual Salt Grinder Refillable, with Polishing Cloth",1,0,visible,,"<div class=""a-expander-content a-expander-partial-collapse-content"" data-expanded=""false"">\n<div class=""a-section a-spacing-small a-spacing-top-small"">\n<table class=""a-normal a-spacing-micro"" role=""list"">\n<tbody>\n<tr class=""a-spacing-small po-material"" role=""listitem"">\n<td class=""a-span3"" role=""presentation""><span class=""a-size-base a-text-bold"">Material</span></td>\n<td class=""a-span9"" role=""presentation""><span class=""a-size-base po-break-word"">Brass, Copper, Plastic</span></td>\n</tr>\n<tr class=""a-spacing-small po-color"" role=""listitem"">\n<td class=""a-span3"" role=""presentation""><span class=""a-size-base a-text-bold"">Color</span></td>\n<td class=""a-span9"" role=""presentation""><span class=""a-size-base po-break-word"">Brass</span></td>\n</tr>\n<tr class=""a-spacing-small po-item_width_height"" role=""listitem"">\n<td class=""a-span3"" role=""presentation""><span class=""a-size-base a-text-bold"">Product Dimensions</span></td>\n<td class=""a-span9"" role=""presentation""><span class=""a-size-base po-break-word"">2.25""W x 8""H</span></td>\n</tr>\n<tr class=""a-spacing-small po-brand"" role=""listitem"">\n<td class=""a-span3"" role=""presentation""><span class=""a-size-base a-text-bold"">Brand</span></td>\n<td class=""a-span9"" role=""presentation""><span class=""a-size-base po-break-word"">Alexander Home</span></td>\n</tr>\n<tr class=""a-spacing-small po-item_weight"" role=""listitem"">\n<td class=""a-span3"" role=""presentation""><span class=""a-size-base a-text-bold"">Item Weight</span></td>\n<td class=""a-span9"" role=""presentation""><span class=""a-size-base po-break-word"">10.4 Ounces</span></td>\n</tr>\n<tr class=""a-spacing-small po-operation_mode"" role=""listitem"">\n<td class=""a-span3"" role=""presentation""><span class=""a-size-base a-text-bold"">Operation Mode</span></td>\n<td class=""a-span9"" role=""presentation""><span class=""a-size-base po-break-word"">Manual</span></td>\n</tr>\n<tr class=""a-spacing-small po-recommended_uses_for_product"" role=""listitem"">\n<td class=""a-span3"" role=""presentation""><span class=""a-size-base a-text-bold"">Recommended Uses For Product</span></td>\n<td class=""a-span9"" role=""presentation""><span class=""a-size-base po-break-word"">Kitchen</span></td>\n</tr>\n<tr class=""a-spacing-small po-is_dishwasher_safe"" role=""listitem"">\n<td class=""a-span3"" role=""presentation""><span class=""a-size-base a-text-bold"">Is Dishwasher Safe</span></td>\n<td class=""a-span9"" role=""presentation""><span class=""a-size-base po-break-word"">No</span></td>\n</tr>\n<tr class=""a-spacing-small po-number_of_items"" role=""listitem"">\n<td class=""a-span3"" role=""presentation""><span class=""a-size-base a-text-bold"">Number of Items</span></td>\n<td class=""a-span9"" role=""presentation""><span class=""a-size-base po-break-word"">1</span></td>\n</tr>\n<tr class=""a-spacing-small po-upc"" role=""listitem"">\n<td class=""a-span3"" role=""presentation""><span class=""a-size-base a-text-bold"">UPC</span></td>\n<td class=""a-span9"" role=""presentation""><span class=""a-size-base po-break-word"">197644112388</span></td>\n</tr>\n</tbody>\n</table>\n</div>\n</div>\n<div id=""poToggleButton"" class=""a-expander-header a-expander-partial-collapse-header""></div>",,,taxable,,1,,,0,0,,,,,1,,,67,"All Products, Home & Decor",,,https://palkay.com/wp-content/uploads/2026/06/619GZz-dKyL._AC_SL1500_.jpg,,,,,,,,,0,,,,,,,,,,,,,,123,,,,,,,,,,,,,,,,,,,301,both,,,,,,default,default,default,default,49
